{
  "schema_version": 1,
  "dataset": "proteins",
  "model_class": "gcn",
  "frozen_context": {
    "split_seed": 42,
    "n_val_graphs": 40,
    "n_test_graphs": 60,
    "n_perm": 50,
    "n_perm_confirm": 100,
    "sa_seed": 42,
    "epochs": 150,
    "sparsity_grid": [
      0.5,
      0.55,
      0.6,
      0.65,
      0.7,
      0.75,
      0.8,
      0.85,
      0.9,
      0.95
    ],
    "obj_sparsities": [
      0.5,
      0.6,
      0.7,
      0.8,
      0.9
    ],
    "baseline_methods": [
      "gnnexplainer",
      "pgexplainer",
      "graphshapiq",
      "gstarx",
      "sme"
    ]
  },
  "hp": {
    "gamma_H": 0.4402344109304986,
    "gamma_S": 0.6740171224323441,
    "cov_p": 1.3925734912399366,
    "mu_c": 1.9674484458828034,
    "mu_beta": 0.5093951400652232,
    "node_aug_coef": 0.11568664838812046,
    "group_aug_coef": 0.3545920818848597,
    "sa_T0": 1.0,
    "sa_alpha": 0.99,
    "sa_iter": 100,
    "n_perm": 50
  },
  "is_default": false,
  "accepted": true,
  "confirm_rows": [
    {
      "hp": {
        "gamma_H": 0.4,
        "gamma_S": 0.3,
        "cov_p": 1.0,
        "mu_c": 1.0,
        "mu_beta": 0.5,
        "node_aug_coef": 0.0,
        "group_aug_coef": 0.0,
        "sa_T0": 1.0,
        "sa_alpha": 0.99,
        "sa_iter": 100,
        "n_perm": 50
      },
      "is_default": true,
      "val_obj": -0.2855233152390452,
      "val_wins": 13,
      "val_raw": -0.2855233152390452,
      "val_pareto": 0,
      "test_obj": 0.6219542884854234,
      "test_wins": 15,
      "test_raw": 0.6219542884854234,
      "test_pareto": 0,
      "accept": false
    },
    {
      "hp": {
        "gamma_H": 0.6358550526628242,
        "gamma_S": 0.7124990547877946,
        "cov_p": 0.8353218106371101,
        "mu_c": 1.2517921121442706,
        "mu_beta": 0.6008009597931923,
        "node_aug_coef": 0.1359712779904998,
        "group_aug_coef": 1.4196065609053603,
        "sa_T0": 1.0,
        "sa_alpha": 0.99,
        "sa_iter": 100,
        "n_perm": 50
      },
      "is_default": false,
      "val_obj": 1.3846063499583263,
      "val_wins": 19,
      "val_raw": 1.3846063499583263,
      "val_pareto": 0,
      "test_obj": 0.8896516709086102,
      "test_wins": 15,
      "test_raw": 0.8896516709086102,
      "test_pareto": 0,
      "accept": true
    },
    {
      "hp": {
        "gamma_H": 0.25233631948799157,
        "gamma_S": 0.8184562860087755,
        "cov_p": 1.308038436009492,
        "mu_c": 1.5411381550878733,
        "mu_beta": 0.6455495500164976,
        "node_aug_coef": 0.007121630035742959,
        "group_aug_coef": 0.42953928081150494,
        "sa_T0": 1.0,
        "sa_alpha": 0.99,
        "sa_iter": 100,
        "n_perm": 50
      },
      "is_default": false,
      "val_obj": 1.3702800381600853,
      "val_wins": 19,
      "val_raw": 1.3702800381600853,
      "val_pareto": 0,
      "test_obj": 0.8838110591218316,
      "test_wins": 16,
      "test_raw": 0.8838110591218316,
      "test_pareto": 0,
      "accept": true
    },
    {
      "hp": {
        "gamma_H": 0.13449659498723732,
        "gamma_S": 0.12011939742334632,
        "cov_p": 0.3755504982227474,
        "mu_c": 1.75072089145832,
        "mu_beta": 0.655662703182559,
        "node_aug_coef": 0.05395183025770822,
        "group_aug_coef": 0.8888810874615211,
        "sa_T0": 1.0,
        "sa_alpha": 0.99,
        "sa_iter": 100,
        "n_perm": 50
      },
      "is_default": false,
      "val_obj": 1.3541240092794593,
      "val_wins": 18,
      "val_raw": 1.3541240092794593,
      "val_pareto": 0,
      "test_obj": 1.0007925925163992,
      "test_wins": 15,
      "test_raw": 1.0007925925163992,
      "test_pareto": 0,
      "accept": true
    },
    {
      "hp": {
        "gamma_H": 0.4678472413688216,
        "gamma_S": 0.47716940830353094,
        "cov_p": 0.4153984383751195,
        "mu_c": 1.5153616892669575,
        "mu_beta": 0.6654799892360466,
        "node_aug_coef": 0.3067213667515469,
        "group_aug_coef": 0.9407869418364427,
        "sa_T0": 1.0,
        "sa_alpha": 0.99,
        "sa_iter": 100,
        "n_perm": 50
      },
      "is_default": false,
      "val_obj": 1.352867621695408,
      "val_wins": 19,
      "val_raw": 1.352867621695408,
      "val_pareto": 0,
      "test_obj": -999.0034579331522,
      "test_wins": 15,
      "test_raw": 0.9965420668478743,
      "test_pareto": 1,
      "accept": false
    },
    {
      "hp": {
        "gamma_H": 0.4402344109304986,
        "gamma_S": 0.6740171224323441,
        "cov_p": 1.3925734912399366,
        "mu_c": 1.9674484458828034,
        "mu_beta": 0.5093951400652232,
        "node_aug_coef": 0.11568664838812046,
        "group_aug_coef": 0.3545920818848597,
        "sa_T0": 1.0,
        "sa_alpha": 0.99,
        "sa_iter": 100,
        "n_perm": 50
      },
      "is_default": false,
      "val_obj": 1.3519538593138136,
      "val_wins": 19,
      "val_raw": 1.3519538593138136,
      "val_pareto": 0,
      "test_obj": 1.0539206254162399,
      "test_wins": 16,
      "test_raw": 1.0539206254162399,
      "test_pareto": 0,
      "accept": true
    },
    {
      "hp": {
        "gamma_H": 0.08960195407785741,
        "gamma_S": 0.9006945992243746,
        "cov_p": 1.2836824685035586,
        "mu_c": 1.894430051806733,
        "mu_beta": 0.6043953300294249,
        "node_aug_coef": 0.10604896124139375,
        "group_aug_coef": 0.09160476248841995,
        "sa_T0": 1.0,
        "sa_alpha": 0.99,
        "sa_iter": 100,
        "n_perm": 50
      },
      "is_default": false,
      "val_obj": 1.3510005422482338,
      "val_wins": 19,
      "val_raw": 1.3510005422482338,
      "val_pareto": 0,
      "test_obj": 1.0134488343739576,
      "test_wins": 16,
      "test_raw": 1.0134488343739576,
      "test_pareto": 0,
      "accept": true
    },
    {
      "hp": {
        "gamma_H": 0.5996892918087511,
        "gamma_S": 0.38582343896326593,
        "cov_p": 0.32274944457580945,
        "mu_c": 1.6189423058319452,
        "mu_beta": 0.672616322445738,
        "node_aug_coef": 0.2775034875802635,
        "group_aug_coef": 1.0388218674795893,
        "sa_T0": 1.0,
        "sa_alpha": 0.99,
        "sa_iter": 100,
        "n_perm": 50
      },
      "is_default": false,
      "val_obj": 1.3405994661105831,
      "val_wins": 19,
      "val_raw": 1.3405994661105831,
      "val_pareto": 0,
      "test_obj": -999.0295782790273,
      "test_wins": 15,
      "test_raw": 0.9704217209726874,
      "test_pareto": 1,
      "accept": false
    },
    {
      "hp": {
        "gamma_H": 0.45107035191875666,
        "gamma_S": 0.8098066591351264,
        "cov_p": 1.2138470293569037,
        "mu_c": 1.335834720204042,
        "mu_beta": 0.5855079215680169,
        "node_aug_coef": 0.0837118630031373,
        "group_aug_coef": 1.0672281732367335,
        "sa_T0": 1.0,
        "sa_alpha": 0.99,
        "sa_iter": 100,
        "n_perm": 50
      },
      "is_default": false,
      "val_obj": 1.329170111490923,
      "val_wins": 19,
      "val_raw": 1.329170111490923,
      "val_pareto": 0,
      "test_obj": 0.8921109731928467,
      "test_wins": 16,
      "test_raw": 0.8921109731928467,
      "test_pareto": 0,
      "accept": true
    },
    {
      "hp": {
        "gamma_H": 0.22139660340143827,
        "gamma_S": 0.8439842115199692,
        "cov_p": 0.8882448371077485,
        "mu_c": 1.0111551913362073,
        "mu_beta": 0.6570971188448255,
        "node_aug_coef": 0.08550997071778933,
        "group_aug_coef": 0.8628526201890673,
        "sa_T0": 1.0,
        "sa_alpha": 0.99,
        "sa_iter": 100,
        "n_perm": 50
      },
      "is_default": false,
      "val_obj": 1.3267532348411966,
      "val_wins": 19,
      "val_raw": 1.3267532348411966,
      "val_pareto": 0,
      "test_obj": 0.9563621651046488,
      "test_wins": 15,
      "test_raw": 0.9563621651046488,
      "test_pareto": 0,
      "accept": true
    },
    {
      "hp": {
        "gamma_H": 0.6183562434871256,