{
  "schema_version": 1,
  "dataset": "graph_sst5",
  "model_class": "gcn",
  "frozen_context": {
    "split_seed": 42,
    "n_val_graphs": 40,
    "n_test_graphs": 60,
    "n_perm": 50,
    "n_perm_confirm": 100,
    "sa_seed": 42,
    "epochs": 150,
    "obj_sparsities": [
      0.5,
      0.6,
      0.7,
      0.8,
      0.9
    ],
    "baseline_methods": [
      "gnnexplainer",
      "pgexplainer",
      "graphshapiq",
      "gstarx",
      "sme"
    ]
  },
  "hp": {
    "gamma_H": 0.8585671737935825,
    "gamma_S": 0.39303139372135015,
    "cov_p": 1.8637014287485458,
    "mu_c": 1.6988026381577745,
    "mu_beta": 0.59762082049504,
    "node_aug_coef": 0.23887571077182457,
    "group_aug_coef": 0.38382623970328056,
    "sa_T0": 1.0,
    "sa_alpha": 0.99,
    "sa_iter": 100,
    "n_perm": 50,
    "prop_lambda": 0.1
  },
  "is_default": false,
  "accepted": true,
  "confirm_rows": [
    {
      "hp": {
        "gamma_H": 0.4,
        "gamma_S": 0.3,
        "cov_p": 1.0,
        "mu_c": 1.0,
        "mu_beta": 0.5,
        "node_aug_coef": 0.0,
        "group_aug_coef": 0.0,
        "sa_T0": 1.0,
        "sa_alpha": 0.99,
        "sa_iter": 100,
        "n_perm": 50
      },
      "is_default": true,
      "val_obj": 0.15181717232638703,
      "val_wins": 11,
      "val_raw": 0.15181717232638703,
      "val_pareto": 0,
      "test_obj": 0.5914005616139962,
      "test_wins": 14,
      "test_raw": 0.5914005616139962,
      "test_pareto": 0,
      "accept": false
    },
    {
      "hp": {
        "gamma_H": 0.13989798665638567,
        "gamma_S": 0.12388864874735464,
        "cov_p": 1.9617518816917847,
        "mu_c": 1.9899988586454151,
        "mu_beta": 0.3323903037513811,
        "node_aug_coef": 0.29069132317691837,
        "group_aug_coef": 1.3470104149512538,
        "sa_T0": 1.0,
        "sa_alpha": 0.99,
        "sa_iter": 100,
        "n_perm": 50
      },
      "is_default": false,
      "val_obj": 0.4872462660832184,
      "val_wins": 13,
      "val_raw": 0.4872462660832184,
      "val_pareto": 0,
      "test_obj": -999.4133592574902,
      "test_wins": 14,
      "test_raw": 0.5866407425097157,
      "test_pareto": 1,
      "accept": false
    },
    {
      "hp": {
        "gamma_H": 0.6217839936869525,
        "gamma_S": 0.33298902701707034,
        "cov_p": 1.2894530556617931,
        "mu_c": 1.8823257466739618,
        "mu_beta": 0.5983406019625377,
        "node_aug_coef": 0.40135826982738737,
        "group_aug_coef": 1.196951888939054,
        "sa_T0": 1.0,
        "sa_alpha": 0.99,
        "sa_iter": 100,
        "n_perm": 50
      },
      "is_default": false,
      "val_obj": 0.4864689795881553,
      "val_wins": 14,
      "val_raw": 0.4864689795881553,
      "val_pareto": 0,
      "test_obj": -999.3919660390026,
      "test_wins": 13,
      "test_raw": 0.6080339609973971,
      "test_pareto": 1,
      "accept": false
    },
    {
      "hp": {
        "gamma_H": 0.3468133662763012,
        "gamma_S": 0.128174569941624,
        "cov_p": 0.8628748674888678,
        "mu_c": 1.2386573854367553,
        "mu_beta": 0.40465127101860987,
        "node_aug_coef": 0.2774892047385434,
        "group_aug_coef": 0.14509105843804895,
        "sa_T0": 1.0,
        "sa_alpha": 0.99,
        "sa_iter": 100,
        "n_perm": 50
      },
      "is_default": false,
      "val_obj": 0.4856661465723155,
      "val_wins": 15,
      "val_raw": 0.4856661465723155,
      "val_pareto": 0,
      "test_obj": -999.358691294845,
      "test_wins": 13,
      "test_raw": 0.641308705154949,
      "test_pareto": 1,
      "accept": false
    },
    {
      "hp": {
        "gamma_H": 0.9448468657222713,
        "gamma_S": 0.2309954377994118,
        "cov_p": 1.030377374336912,
        "mu_c": 1.921051937285961,
        "mu_beta": 0.5951694476834711,
        "node_aug_coef": 0.1482535214738073,
        "group_aug_coef": 0.214254468464731,
        "sa_T0": 1.0,
        "sa_alpha": 0.99,
        "sa_iter": 100,
        "n_perm": 50
      },
      "is_default": false,
      "val_obj": 0.4855155664042013,
      "val_wins": 13,
      "val_raw": 0.4855155664042013,
      "val_pareto": 0,
      "test_obj": -999.3461177043048,
      "test_wins": 14,
      "test_raw": 0.6538822956952437,
      "test_pareto": 1,
      "accept": false
    },
    {
      "hp": {
        "gamma_H": 0.8959928777368973,
        "gamma_S": 0.24086219734002157,
        "cov_p": 1.3246168142584935,
        "mu_c": 1.9885052359384576,
        "mu_beta": 0.5731650117960416,
        "node_aug_coef": 0.4795227315250422,
        "group_aug_coef": 0.07752920393962236,
        "sa_T0": 1.0,
        "sa_alpha": 0.99,
        "sa_iter": 100,
        "n_perm": 50
      },
      "is_default": false,
      "val_obj": 0.4773324657518059,
      "val_wins": 14,
      "val_raw": 0.4773324657518059,
      "val_pareto": 0,
      "test_obj": -999.3361990925608,
      "test_wins": 14,
      "test_raw": 0.6638009074391247,
      "test_pareto": 1,
      "accept": false
    },
    {
      "hp": {
        "gamma_H": 0.3737004173141644,
        "gamma_S": 0.9789331971406745,
        "cov_p": 1.1540773753620408,
        "mu_c": 1.868022397044122,
        "mu_beta": 0.6850549753516953,
        "node_aug_coef": 0.17979678784405834,
        "group_aug_coef": 0.3080548037532646,
        "sa_T0": 1.0,
        "sa_alpha": 0.99,
        "sa_iter": 100,
        "n_perm": 50
      },
      "is_default": false,
      "val_obj": 0.47441717594541816,
      "val_wins": 13,
      "val_raw": 0.47441717594541816,
      "val_pareto": 0,
      "test_obj": -999.3307002638334,
      "test_wins": 14,
      "test_raw": 0.6692997361666464,
      "test_pareto": 1,
      "accept": false
    },
    {
      "hp": {
        "gamma_H": 0.911509111869013,
        "gamma_S": 0.5740616854327115,
        "cov_p": 1.870314720771465,
        "mu_c": 1.9278707146260325,
        "mu_beta": 0.6608260260891595,
        "node_aug_coef": 0.4220141487298558,
        "group_aug_coef": 0.6874611786471676,
        "sa_T0": 1.0,
        "sa_alpha": 0.99,
        "sa_iter": 100,
        "n_perm": 50
      },
      "is_default": false,
      "val_obj": 0.47393643331960633,
      "val_wins": 14,
      "val_raw": 0.47393643331960633,
      "val_pareto": 0,
      "test_obj": -999.3851950528519,
      "test_wins": 13,
      "test_raw": 0.6148049471480456,
      "test_pareto": 1,
      "accept": false
    },
    {
      "hp": {
        "gamma_H": 0.8610933458606174,
        "gamma_S": 0.7978579970632123,
        "cov_p": 1.468418273751188,
        "mu_c": 1.9048125522629455,
        "mu_beta": 0.5878351362824734,
        "node_aug_coef": 0.32327499012920846,
        "group_aug_coef": 1.4024512212248441,
        "sa_T0": 1.0,
        "sa_alpha": 0.99,
        "sa_iter": 100,
        "n_perm": 50
      },
      "is_default": false,
      "val_obj": 0.4728939615682172,
      "val_wins": 15,
      "val_raw": 0.4728939615682172,
      "val_pareto": 0,
      "test_obj": -999.358245919106,
      "test_wins": 13,
      "test_raw": 0.6417540808940133,
      "test_pareto": 1,
      "accept": false
    },
    {
      "hp": {
        "gamma_H": 0.17769063660656204,
        "gamma_S": 0.8571199802436936,
        "cov_p": 1.6617426674812397,
        "mu_c": 1.674889193352112,
        "mu_beta": 0.6428634565856991,
        "node_aug_coef": 0.23835925544112352,
        "group_aug_coef": 0.2898153080740294,
        "sa_T0": 1.0,
        "sa_alpha": 0.99,
        "sa_iter": 100,
        "n_perm": 50
      },
      "is_default": false,
      "val_obj": 0.4723538481553939,
      "val_wins": 14,
      "val_raw": 0.4723538481553939,
      "val_pareto": 0,
      "test_obj": -999.3685677688827,
      "test_wins": 13,
      "test_raw": 0.6314322311172751,
      "test_pareto": 1,
      "accept": false
    },
    {
      "hp": {
        "gamma_H": 0.8585671737935825,
        "gamma_S": 0.39303139372135015,
        "cov_p": 1.8637014287485458,
        "mu_c": 1.6988026381577745,