{
  "schema_version": 1,
  "dataset": "bbbp",
  "model_class": "gcn",
  "frozen_context": {
    "split_seed": 42,
    "n_val_graphs": 40,
    "n_test_graphs": 60,
    "n_perm": 50,
    "n_perm_confirm": 100,
    "sa_seed": 42,
    "epochs": 150,
    "sparsity_grid": [
      0.5,
      0.55,
      0.6,
      0.65,
      0.7,
      0.75,
      0.8,
      0.85,
      0.9,
      0.95
    ],
    "obj_sparsities": [
      0.5,
      0.6,
      0.7,
      0.8,
      0.9
    ],
    "baseline_methods": [
      "gnnexplainer",
      "pgexplainer",
      "graphshapiq",
      "gstarx",
      "sme"
    ]
  },
  "hp": {
    "gamma_H": 0.8009835771699977,
    "gamma_S": 0.24670622460982816,
    "cov_p": 1.3323554304063707,
    "mu_c": 0.9263443387570839,
    "mu_beta": 0.6408026959236302,
    "node_aug_coef": 0.14556841737590015,
    "group_aug_coef": 0.20091598681132095,
    "sa_T0": 1.0,
    "sa_alpha": 0.9986636963876554,
    "sa_iter": 100,
    "n_perm": 50
  },
  "is_default": false,
  "accepted": true,
  "confirm_rows": [
    {
      "hp": {
        "gamma_H": 0.4,
        "gamma_S": 0.3,
        "cov_p": 1.0,
        "mu_c": 1.0,
        "mu_beta": 0.5,
        "node_aug_coef": 0.0,
        "group_aug_coef": 0.0,
        "sa_T0": 1.0,
        "sa_alpha": 0.99,
        "sa_iter": 100,
        "n_perm": 50
      },
      "is_default": true,
      "val_obj": -0.5632509393882501,
      "val_wins": 9,
      "val_raw": -0.5632509393882501,
      "val_pareto": 0,
      "test_obj": -0.02498323264298111,
      "test_wins": 7,
      "test_raw": -0.02498323264298111,
      "test_pareto": 0,
      "accept": false
    },
    {
      "hp": {
        "gamma_H": 0.9354577117682398,
        "gamma_S": 0.892063109108223,
        "cov_p": 0.9244957033449335,
        "mu_c": 1.5096530605032341,
        "mu_beta": 0.5562003682905128,
        "node_aug_coef": 0.40515643694222453,
        "group_aug_coef": 0.36232205862215594,
        "sa_T0": 1.0,
        "sa_alpha": 0.9988532739606498,
        "sa_iter": 100,
        "n_perm": 50
      },
      "is_default": false,
      "val_obj": -0.358252941732549,
      "val_wins": 10,
      "val_raw": -0.358252941732549,
      "val_pareto": 0,
      "test_obj": 0.17648373402101294,
      "test_wins": 13,
      "test_raw": 0.17648373402101294,
      "test_pareto": 0,
      "accept": true
    },
    {
      "hp": {
        "gamma_H": 0.4253469173779855,
        "gamma_S": 0.28496963928569896,
        "cov_p": 1.6081748656828185,
        "mu_c": 1.936343205233575,
        "mu_beta": 0.4654246095251663,
        "node_aug_coef": 0.3035853511018138,
        "group_aug_coef": 1.33498230241065,
        "sa_T0": 1.0,
        "sa_alpha": 0.9932062645269304,
        "sa_iter": 100,
        "n_perm": 50
      },
      "is_default": false,
      "val_obj": -0.374089504013677,
      "val_wins": 10,
      "val_raw": -0.374089504013677,
      "val_pareto": 0,
      "test_obj": 0.01350106496580851,
      "test_wins": 9,
      "test_raw": 0.01350106496580851,
      "test_pareto": 0,
      "accept": true
    },
    {
      "hp": {
        "gamma_H": 0.8009835771699977,
        "gamma_S": 0.24670622460982816,
        "cov_p": 1.3323554304063707,
        "mu_c": 0.9263443387570839,
        "mu_beta": 0.6408026959236302,
        "node_aug_coef": 0.14556841737590015,
        "group_aug_coef": 0.20091598681132095,
        "sa_T0": 1.0,
        "sa_alpha": 0.9986636963876554,
        "sa_iter": 100,
        "n_perm": 50
      },
      "is_default": false,
      "val_obj": -0.37474765460555604,
      "val_wins": 9,
      "val_raw": -0.37474765460555604,
      "val_pareto": 0,
      "test_obj": 0.3519766066505701,
      "test_wins": 14,
      "test_raw": 0.3519766066505701,
      "test_pareto": 0,
      "accept": true
    },
    {
      "hp": {
        "gamma_H": 0.3234196994714034,
        "gamma_S": 0.09424744004754845,
        "cov_p": 1.5808283313240192,
        "mu_c": 0.8103074050266864,
        "mu_beta": 0.664790220129913,
        "node_aug_coef": 0.4917172995164931,
        "group_aug_coef": 0.7856364944226892,
        "sa_T0": 1.0,
        "sa_alpha": 0.9927661480296435,
        "sa_iter": 100,
        "n_perm": 50
      },
      "is_default": false,
      "val_obj": -0.38901866586639394,
      "val_wins": 10,
      "val_raw": -0.38901866586639394,
      "val_pareto": 0,
      "test_obj": 0.02848181662424586,
      "test_wins": 9,
      "test_raw": 0.02848181662424586,
      "test_pareto": 0,
      "accept": true
    },
    {
      "hp": {
        "gamma_H": 0.3432262647611126,
        "gamma_S": 0.8889997136034402,
        "cov_p": 0.7446902988419325,
        "mu_c": 1.8045976905274608,
        "mu_beta": 0.4737445595236809,
        "node_aug_coef": 0.0008439512975904062,
        "group_aug_coef": 1.1038672433220806,
        "sa_T0": 1.0,
        "sa_alpha": 0.9986190013572871,
        "sa_iter": 100,
        "n_perm": 50
      },
      "is_default": false,
      "val_obj": -0.4044401273209924,
      "val_wins": 9,
      "val_raw": -0.4044401273209924,
      "val_pareto": 0,
      "test_obj": -1000.0458034027563,
      "test_wins": 7,
      "test_raw": -0.04580340275626425,
      "test_pareto": 1,
      "accept": false
    },
    {
      "hp": {
        "gamma_H": 0.4932968538054603,
        "gamma_S": 0.0007549716857941924,
        "cov_p": 1.834719037896229,
        "mu_c": 1.5640280045517991,
        "mu_beta": 0.40409855923665444,
        "node_aug_coef": 0.4794366263658983,
        "group_aug_coef": 0.7735251766143971,
        "sa_T0": 1.0,
        "sa_alpha": 0.9987382729878371,
        "sa_iter": 100,
        "n_perm": 50
      },
      "is_default": false,
      "val_obj": -0.436194412676308,
      "val_wins": 11,
      "val_raw": -0.436194412676308,
      "val_pareto": 0,
      "test_obj": 0.08510859477533758,
      "test_wins": 13,
      "test_raw": 0.08510859477533758,
      "test_pareto": 0,
      "accept": true
    },
    {
      "hp": {
        "gamma_H": 0.9104335501158544,
        "gamma_S": 0.19947559541317583,
        "cov_p": 1.0187091944470164,
        "mu_c": 1.9592997681143975,
        "mu_beta": 0.5866023160670799,
        "node_aug_coef": 0.07263061827829337,
        "group_aug_coef": 0.3429836146492525,
        "sa_T0": 1.0,
        "sa_alpha": 0.9099209179655903,
        "sa_iter": 100,
        "n_perm": 50
      },
      "is_default": false,
      "val_obj": -0.44717037130911164,
      "val_wins": 10,
      "val_raw": -0.44717037130911164,
      "val_pareto": 0,
      "test_obj": 0.05709896727647099,
      "test_wins": 14,
      "test_raw": 0.05709896727647099,
      "test_pareto": 0,
      "accept": true
    },
    {
      "hp": {
        "gamma_H": 0.8858885759052981,
        "gamma_S": 0.6780828353354568,
        "cov_p": 1.0778904218576166,
        "mu_c": 1.4489765654208904,
        "mu_beta": 0.667959143001973,
        "node_aug_coef": 0.02391831993745952,
        "group_aug_coef": 0.5498889776961233,
        "sa_T0": 1.0,
        "sa_alpha": 0.9103851155755073,
        "sa_iter": 100,
        "n_perm": 50
      },
      "is_default": false,
      "val_obj": -0.4520671959205277,
      "val_wins": 10,
      "val_raw": -0.4520671959205277,
      "val_pareto": 0,
      "test_obj": 0.09092490992114732,
      "test_wins": 14,
      "test_raw": 0.09092490992114732,
      "test_pareto": 0,
      "accept": true
    },
    {
      "hp": {
        "gamma_H": 0.9219092867270409,
        "gamma_S": 0.300412975716592,
        "cov_p": 1.325687146229777,
        "mu_c": 1.8448086845734009,
        "mu_beta": 0.6028561483852148,
        "node_aug_coef": 0.15654710329026372,
        "group_aug_coef": 0.3241349256739084,
        "sa_T0": 1.0,
        "sa_alpha": 0.9097469227916685,
        "sa_iter": 100,
        "n_perm": 50
      },
      "is_default": false,
      "val_obj": -0.4538040286631109,
      "val_wins": 10,
      "val_raw": -0.4538040286631109,
      "val_pareto": 0,
      "test_obj": 0.06705247328516352,