{
  "schema_version": 1,
  "dataset": "bace",
  "model_class": "gcn",
  "frozen_context": {
    "split_seed": 42,
    "n_val_graphs": 25,
    "n_test_graphs": 30,
    "n_perm": 50,
    "n_perm_confirm": 50,
    "sa_seed": 42,
    "epochs": 150,
    "sparsity_grid": [
      0.5,
      0.55,
      0.6,
      0.65,
      0.7,
      0.75,
      0.8,
      0.85,
      0.9,
      0.95
    ],
    "obj_sparsities": [
      0.5,
      0.7,
      0.9
    ],
    "baseline_methods": [
      "grad_x_input",
      "gnnexplainer",
      "pgexplainer",
      "graphshapiq",
      "gstarx",
      "sme"
    ]
  },
  "hp": {
    "gamma_H": 0.2803708425830589,
    "gamma_S": 0.7534419996674177,
    "cov_p": 0.700403842448643,
    "mu_c": 1.195763672079037,
    "mu_beta": 0.5755613042197404,
    "node_aug_coef": 0.35383957915029507,
    "group_aug_coef": 0.9254949231238916,
    "sa_T0": 1.0,
    "sa_alpha": 0.99,
    "sa_iter": 100,
    "n_perm": 50
  },
  "is_default": false,
  "accepted": true,
  "confirm_rows": [
    {
      "hp": {
        "gamma_H": 0.4,
        "gamma_S": 0.3,
        "cov_p": 1.0,
        "mu_c": 1.0,
        "mu_beta": 0.5,
        "node_aug_coef": 0.0,
        "group_aug_coef": 0.0,
        "sa_T0": 1.0,
        "sa_alpha": 0.99,
        "sa_iter": 100,
        "n_perm": 50
      },
      "is_default": true,
      "val_obj": -1.2727221357637928,
      "val_wins": 5,
      "val_raw": -1.2727221357637928,
      "val_pareto": 0,
      "test_obj": -1.214418838595351,
      "test_wins": 5,
      "test_raw": -1.214418838595351,
      "test_pareto": 0,
      "accept": false
    },
    {
      "hp": {
        "gamma_H": 0.2803708425830589,
        "gamma_S": 0.7534419996674177,
        "cov_p": 0.700403842448643,
        "mu_c": 1.195763672079037,
        "mu_beta": 0.5755613042197404,
        "node_aug_coef": 0.35383957915029507,
        "group_aug_coef": 0.9254949231238916,
        "sa_T0": 1.0,
        "sa_alpha": 0.99,
        "sa_iter": 100,
        "n_perm": 50
      },
      "is_default": false,
      "val_obj": -1.2180391294907391,
      "val_wins": 5,
      "val_raw": -1.2180391294907391,
      "val_pareto": 0,
      "test_obj": -0.5369008122517961,
      "test_wins": 8,
      "test_raw": -0.5369008122517961,
      "test_pareto": 0,
      "accept": true
    }
  ],
  "default_val": {
    "raw": -1.2727221357637928,
    "wins": 5,
    "pareto_violations": 0,
    "n_cells": 15
  },
  "default_test": {
    "raw": -1.214418838595351,
    "wins": 5,
    "pareto_violations": 0,
    "n_cells": 15
  },
  "meta": {
    "n_graphs": 1513.0,
    "nodes_mean": 34.2,
    "nodes_median": 33.0,
    "nodes_std": 9.450396817065409,
    "edges_mean": 74.07,
    "deg_mean": 2.172250615165037,
    "density_mean": 0.07032477503807273,
    "clustering_mean": 0.0035547041294167734,
    "label_pos_frac": 0.49,
    "input_dim": 9.0,
    "num_classes": 2.0,
    "has_ground_truth": 0.0,
    "val_acc": 0.8675496688741722
  },
  "robust_confirmed": true
}