{
  "schema_version": 1,
  "dataset": "enzymes",
  "model_class": "gcn",
  "frozen_context": {
    "split_seed": 42,
    "n_val_graphs": 40,
    "n_test_graphs": 60,
    "n_perm": 50,
    "n_perm_confirm": 100,
    "sa_seed": 42,
    "epochs": 150,
    "sparsity_grid": [
      0.5,
      0.55,
      0.6,
      0.65,
      0.7,
      0.75,
      0.8,
      0.85,
      0.9,
      0.95
    ],
    "obj_sparsities": [
      0.5,
      0.6,
      0.7,
      0.8,
      0.9
    ],
    "baseline_methods": [
      "gnnexplainer",
      "pgexplainer",
      "graphshapiq",
      "gstarx",
      "sme"
    ]
  },
  "hp": {
    "gamma_H": 0.911509111869013,
    "gamma_S": 0.5740616854327115,
    "cov_p": 1.870314720771465,
    "mu_c": 1.9278707146260325,
    "mu_beta": 0.6608260260891595,
    "node_aug_coef": 0.4220141487298558,
    "group_aug_coef": 0.6874611786471676,
    "sa_T0": 1.0,
    "sa_alpha": 0.99,
    "sa_iter": 100,
    "n_perm": 50
  },
  "is_default": false,
  "accepted": true,
  "confirm_rows": [
    {
      "hp": {
        "gamma_H": 0.4,
        "gamma_S": 0.3,
        "cov_p": 1.0,
        "mu_c": 1.0,
        "mu_beta": 0.5,
        "node_aug_coef": 0.0,
        "group_aug_coef": 0.0,
        "sa_T0": 1.0,
        "sa_alpha": 0.99,
        "sa_iter": 100,
        "n_perm": 50
      },
      "is_default": true,
      "val_obj": -0.25343074089218787,
      "val_wins": 8,
      "val_raw": -0.25343074089218787,
      "val_pareto": 0,
      "test_obj": 0.4088354376788227,
      "test_wins": 12,
      "test_raw": 0.4088354376788227,
      "test_pareto": 0,
      "accept": false
    },
    {
      "hp": {
        "gamma_H": 0.5630987835033369,
        "gamma_S": 0.05722543028484023,
        "cov_p": 1.0793440009129112,
        "mu_c": 1.4321976654407556,
        "mu_beta": 0.601385798564332,
        "node_aug_coef": 0.3316325193210669,
        "group_aug_coef": 1.1115544515533977,
        "sa_T0": 1.0,
        "sa_alpha": 0.99,
        "sa_iter": 100,
        "n_perm": 50
      },
      "is_default": false,
      "val_obj": 0.6122566981268784,
      "val_wins": 12,
      "val_raw": 0.6122566981268784,
      "val_pareto": 0,
      "test_obj": -999.3138378681825,
      "test_wins": 12,
      "test_raw": 0.686162131817483,
      "test_pareto": 1,
      "accept": false
    },
    {
      "hp": {
        "gamma_H": 0.6927967320681557,
        "gamma_S": 0.023723233736140888,
        "cov_p": 0.7065367431434101,
        "mu_c": 1.9062690599443965,
        "mu_beta": 0.43868405645463227,
        "node_aug_coef": 0.4560216095263418,
        "group_aug_coef": 0.8329496320451097,
        "sa_T0": 1.0,
        "sa_alpha": 0.99,
        "sa_iter": 100,
        "n_perm": 50
      },
      "is_default": false,
      "val_obj": 0.5995165224872021,
      "val_wins": 12,
      "val_raw": 0.5995165224872021,
      "val_pareto": 0,
      "test_obj": 0.9521801721453995,
      "test_wins": 14,
      "test_raw": 0.9521801721453995,
      "test_pareto": 0,
      "accept": true
    },
    {
      "hp": {
        "gamma_H": 0.30139845648542246,
        "gamma_S": 0.07321988388650516,
        "cov_p": 1.588116099178919,
        "mu_c": 1.943663719301306,
        "mu_beta": 0.5239639395589784,
        "node_aug_coef": 0.21502834584665076,
        "group_aug_coef": 0.01670246791632686,
        "sa_T0": 1.0,
        "sa_alpha": 0.99,
        "sa_iter": 100,
        "n_perm": 50
      },
      "is_default": false,
      "val_obj": 0.5964348937310883,
      "val_wins": 11,
      "val_raw": 0.5964348937310883,
      "val_pareto": 0,
      "test_obj": -999.4825174958557,
      "test_wins": 11,
      "test_raw": 0.5174825041442727,
      "test_pareto": 1,
      "accept": false
    },
    {
      "hp": {
        "gamma_H": 0.3485416998826913,
        "gamma_S": 0.4873994544477385,
        "cov_p": 1.3849761809974994,
        "mu_c": 1.7128661530465124,
        "mu_beta": 0.6931740427778296,
        "node_aug_coef": 0.4255847994081571,
        "group_aug_coef": 0.3682003346423843,
        "sa_T0": 1.0,
        "sa_alpha": 0.99,
        "sa_iter": 100,
        "n_perm": 50
      },
      "is_default": false,
      "val_obj": 0.5890455429570867,
      "val_wins": 11,
      "val_raw": 0.5890455429570867,
      "val_pareto": 0,
      "test_obj": 0.8774519824909361,
      "test_wins": 13,
      "test_raw": 0.8774519824909361,
      "test_pareto": 0,
      "accept": true
    },
    {
      "hp": {
        "gamma_H": 0.5286184712236968,
        "gamma_S": 0.1910151894959671,
        "cov_p": 0.802144762364831,
        "mu_c": 1.7332044742318005,
        "mu_beta": 0.6565934896632518,
        "node_aug_coef": 0.4151125512979221,
        "group_aug_coef": 0.03733849916786924,
        "sa_T0": 1.0,
        "sa_alpha": 0.99,
        "sa_iter": 100,
        "n_perm": 50
      },
      "is_default": false,
      "val_obj": 0.585343258629736,
      "val_wins": 12,
      "val_raw": 0.585343258629736,
      "val_pareto": 0,
      "test_obj": 0.8783933070367856,
      "test_wins": 14,
      "test_raw": 0.8783933070367856,
      "test_pareto": 0,
      "accept": true
    },
    {
      "hp": {
        "gamma_H": 0.6457283207182363,
        "gamma_S": 0.4244852252940363,
        "cov_p": 0.9250618798477432,
        "mu_c": 1.7587717195660955,
        "mu_beta": 0.6964162980439069,
        "node_aug_coef": 0.4336210213896065,
        "group_aug_coef": 1.0875134811861034,
        "sa_T0": 1.0,
        "sa_alpha": 0.99,
        "sa_iter": 100,
        "n_perm": 50
      },
      "is_default": false,
      "val_obj": 0.5822826974278034,
      "val_wins": 12,
      "val_raw": 0.5822826974278034,
      "val_pareto": 0,
      "test_obj": 0.9126131004860195,
      "test_wins": 14,
      "test_raw": 0.9126131004860195,
      "test_pareto": 0,
      "accept": true
    },
    {
      "hp": {
        "gamma_H": 0.9682400316026564,
        "gamma_S": 0.10005741635066848,
        "cov_p": 1.422310657828754,
        "mu_c": 1.269024355710652,
        "mu_beta": 0.6325896306821477,
        "node_aug_coef": 0.22308035109428942,
        "group_aug_coef": 0.6559980526837228,
        "sa_T0": 1.0,
        "sa_alpha": 0.99,
        "sa_iter": 100,
        "n_perm": 50
      },
      "is_default": false,
      "val_obj": 0.5806147767407596,
      "val_wins": 12,
      "val_raw": 0.5806147767407596,
      "val_pareto": 0,
      "test_obj": -999.4661593504546,
      "test_wins": 11,
      "test_raw": 0.5338406495453328,
      "test_pareto": 1,
      "accept": false
    },
    {
      "hp": {
        "gamma_H": 0.7035541602126842,
        "gamma_S": 0.40451467556777304,
        "cov_p": 1.203014405443374,
        "mu_c": 1.401787119772269,
        "mu_beta": 0.6449110643597536,
        "node_aug_coef": 0.47502257163359163,
        "group_aug_coef": 1.3816072664982908,
        "sa_T0": 1.0,
        "sa_alpha": 0.99,
        "sa_iter": 100,
        "n_perm": 50
      },
      "is_default": false,
      "val_obj": 0.5543657976440162,
      "val_wins": 11,
      "val_raw": 0.5543657976440162,
      "val_pareto": 0,
      "test_obj": 0.8256880077115503,
      "test_wins": 13,
      "test_raw": 0.8256880077115503,
      "test_pareto": 0,
      "accept": true
    },
    {
      "hp": {
        "gamma_H": 0.3112476551075288,
        "gamma_S": 0.13704160939223717,
        "cov_p": 1.32299231090021,
        "mu_c": 1.1878459596169895,
        "mu_beta": 0.5508569979157356,
        "node_aug_coef": 0.4899828276767294,
        "group_aug_coef": 0.8796229079086877,
        "sa_T0": 1.0,
        "sa_alpha": 0.99,
        "sa_iter": 100,
        "n_perm": 50
      },
      "is_default": false,
      "val_obj": 0.554296933436987,
      "val_wins": 11,
      "val_raw": 0.554296933436987,
      "val_pareto": 0,
      "test_obj": 0.8327129886008283,
      "test_wins": 13,
      "test_raw": 0.8327129886008283,
      "test_pareto": 0,
      "accept": true
    },
    {
      "hp": {
        "gamma_H": 0.911509111869013,