{
  "schema_version": 1,
  "dataset": "benzene",
  "model_class": "gcn",
  "frozen_context": {
    "split_seed": 42,
    "n_val_graphs": 25,
    "n_test_graphs": 30,
    "n_perm": 50,
    "n_perm_confirm": 50,
    "sa_seed": 42,
    "epochs": 150,
    "sparsity_grid": [
      0.5,
      0.55,
      0.6,
      0.65,
      0.7,
      0.75,
      0.8,
      0.85,
      0.9,
      0.95
    ],
    "obj_sparsities": [
      0.5,
      0.7,
      0.9
    ],
    "baseline_methods": [
      "grad_x_input",
      "gnnexplainer",
      "pgexplainer",
      "graphshapiq",
      "gstarx",
      "sme"
    ]
  },
  "hp": {
    "gamma_H": 0.8201246624697193,
    "gamma_S": 0.06992366982104112,
    "cov_p": 1.0137190314010638,
    "mu_c": 1.7523956903517603,
    "mu_beta": 0.33733405536173766,
    "node_aug_coef": 0.4522247091361078,
    "group_aug_coef": 0.650338424320151,
    "sa_T0": 1.0,
    "sa_alpha": 0.99,
    "sa_iter": 100,
    "n_perm": 50
  },
  "is_default": false,
  "accepted": true,
  "confirm_rows": [
    {
      "hp": {
        "gamma_H": 0.4,
        "gamma_S": 0.3,
        "cov_p": 1.0,
        "mu_c": 1.0,
        "mu_beta": 0.5,
        "node_aug_coef": 0.0,
        "group_aug_coef": 0.0,
        "sa_T0": 1.0,
        "sa_alpha": 0.99,
        "sa_iter": 100,
        "n_perm": 50
      },
      "is_default": true,
      "val_obj": 0.10666780960954565,
      "val_wins": 8,
      "val_raw": 0.10666780960954565,
      "val_pareto": 0,
      "test_obj": 0.13630403272262936,
      "test_wins": 9,
      "test_raw": 0.13630403272262936,
      "test_pareto": 0,
      "accept": false
    },
    {
      "hp": {
        "gamma_H": 0.8201246624697193,
        "gamma_S": 0.06992366982104112,
        "cov_p": 1.0137190314010638,
        "mu_c": 1.7523956903517603,
        "mu_beta": 0.33733405536173766,
        "node_aug_coef": 0.4522247091361078,
        "group_aug_coef": 0.650338424320151,
        "sa_T0": 1.0,
        "sa_alpha": 0.99,
        "sa_iter": 100,
        "n_perm": 50
      },
      "is_default": false,
      "val_obj": 0.17131124903221917,
      "val_wins": 14,
      "val_raw": 0.17131124903221917,
      "val_pareto": 0,
      "test_obj": 0.3554969421742191,
      "test_wins": 12,
      "test_raw": 0.3554969421742191,
      "test_pareto": 0,
      "accept": true
    }
  ],
  "default_val": {
    "raw": 0.10666780960954565,
    "wins": 8,
    "pareto_violations": 0,
    "n_cells": 21
  },
  "default_test": {
    "raw": 0.13630403272262936,
    "wins": 9,
    "pareto_violations": 0,
    "n_cells": 21
  },
  "meta": {
    "n_graphs": 12000.0,
    "nodes_mean": 20.835,
    "nodes_median": 22.0,
    "nodes_std": 3.65893085477165,
    "edges_mean": 44.22,
    "deg_mean": 2.1178521238961303,
    "density_mean": 0.11176269200057057,
    "clustering_mean": 0.0024305555555555556,
    "label_pos_frac": 0.545,
    "input_dim": 14.0,
    "num_classes": 2.0,
    "has_ground_truth": 0.0,
    "val_acc": 0.9133333333333333
  },
  "robust_confirmed": true
}