{
  "schema_version": 1,
  "dataset": "ba_2motifs",
  "model_class": "gcn",
  "frozen_context": {
    "split_seed": 42,
    "n_val_graphs": 40,
    "n_test_graphs": 60,
    "n_perm": 50,
    "n_perm_confirm": 100,
    "sa_seed": 42,
    "epochs": 150,
    "sparsity_grid": [
      0.5,
      0.55,
      0.6,
      0.65,
      0.7,
      0.75,
      0.8,
      0.85,
      0.9,
      0.95
    ],
    "obj_sparsities": [
      0.5,
      0.6,
      0.7,
      0.8,
      0.9
    ],
    "baseline_methods": [
      "gnnexplainer",
      "pgexplainer",
      "graphshapiq",
      "gstarx",
      "sme"
    ]
  },
  "hp": {
    "gamma_H": 0.06172227345029439,
    "gamma_S": 0.6849034251722671,
    "cov_p": 1.7698621478962868,
    "mu_c": 1.0157212492513499,
    "mu_beta": 0.45691749723424235,
    "node_aug_coef": 0.0233457100744778,
    "group_aug_coef": 1.3777793264145242,
    "sa_T0": 1.0,
    "sa_alpha": 0.99,
    "sa_iter": 100,
    "n_perm": 50
  },
  "is_default": false,
  "accepted": true,
  "confirm_rows": [
    {
      "hp": {
        "gamma_H": 0.4,
        "gamma_S": 0.3,
        "cov_p": 1.0,
        "mu_c": 1.0,
        "mu_beta": 0.5,
        "node_aug_coef": 0.0,
        "group_aug_coef": 0.0,
        "sa_T0": 1.0,
        "sa_alpha": 0.99,
        "sa_iter": 100,
        "n_perm": 50
      },
      "is_default": true,
      "val_obj": -0.8904471501083893,
      "val_wins": 7,
      "val_raw": -0.8904471501083893,
      "val_pareto": 0,
      "test_obj": -0.677152684914553,
      "test_wins": 12,
      "test_raw": -0.677152684914553,
      "test_pareto": 0,
      "accept": false
    },
    {
      "hp": {
        "gamma_H": 0.36398001965041016,
        "gamma_S": 0.20143446473674215,
        "cov_p": 1.8753596837206832,
        "mu_c": 1.389651180604814,
        "mu_beta": 0.4514708279275938,
        "node_aug_coef": 0.012485884743325721,
        "group_aug_coef": 0.8834600389313225,
        "sa_T0": 1.0,
        "sa_alpha": 0.99,
        "sa_iter": 100,
        "n_perm": 50
      },
      "is_default": false,
      "val_obj": -0.8774793396932454,
      "val_wins": 7,
      "val_raw": -0.8774793396932454,
      "val_pareto": 0,
      "test_obj": -0.6237123197085072,
      "test_wins": 13,
      "test_raw": -0.6237123197085072,
      "test_pareto": 0,
      "accept": true
    },
    {
      "hp": {
        "gamma_H": 0.5585763849491823,
        "gamma_S": 0.4835947650131366,
        "cov_p": 1.4494426084368,
        "mu_c": 0.9403770637210196,
        "mu_beta": 0.5245825243768723,
        "node_aug_coef": 0.0159014839389987,
        "group_aug_coef": 1.1230570142216953,
        "sa_T0": 1.0,
        "sa_alpha": 0.99,
        "sa_iter": 100,
        "n_perm": 50
      },
      "is_default": false,
      "val_obj": -0.8815719649390292,
      "val_wins": 7,
      "val_raw": -0.8815719649390292,
      "val_pareto": 0,
      "test_obj": -0.6300037354079763,
      "test_wins": 13,
      "test_raw": -0.6300037354079763,
      "test_pareto": 0,
      "accept": true
    },
    {
      "hp": {
        "gamma_H": 0.10274722976644292,
        "gamma_S": 0.12664564337448467,
        "cov_p": 1.250984489225312,
        "mu_c": 1.3519182799897616,
        "mu_beta": 0.6164150173197743,
        "node_aug_coef": 0.013154264472867787,
        "group_aug_coef": 0.8127894374196454,
        "sa_T0": 1.0,
        "sa_alpha": 0.99,
        "sa_iter": 100,
        "n_perm": 50
      },
      "is_default": false,
      "val_obj": -0.8824659293866358,
      "val_wins": 7,
      "val_raw": -0.8824659293866358,
      "val_pareto": 0,
      "test_obj": -0.6390567250220792,
      "test_wins": 13,
      "test_raw": -0.6390567250220792,
      "test_pareto": 0,
      "accept": true
    },
    {
      "hp": {
        "gamma_H": 0.25233631948799157,
        "gamma_S": 0.8184562860087755,
        "cov_p": 1.308038436009492,
        "mu_c": 1.5411381550878733,
        "mu_beta": 0.6455495500164976,
        "node_aug_coef": 0.007121630035742959,
        "group_aug_coef": 0.42953928081150494,
        "sa_T0": 1.0,
        "sa_alpha": 0.99,
        "sa_iter": 100,
        "n_perm": 50
      },
      "is_default": false,
      "val_obj": -0.8832190846541251,
      "val_wins": 7,
      "val_raw": -0.8832190846541251,
      "val_pareto": 0,
      "test_obj": -0.6408271561574316,
      "test_wins": 13,
      "test_raw": -0.6408271561574316,
      "test_pareto": 0,
      "accept": true
    },
    {
      "hp": {
        "gamma_H": 0.4859307985628068,
        "gamma_S": 0.4060692052301144,
        "cov_p": 1.7902391520440462,
        "mu_c": 0.9154281273439409,
        "mu_beta": 0.34527541729667194,
        "node_aug_coef": 0.01977376005623399,
        "group_aug_coef": 1.3231599200322477,
        "sa_T0": 1.0,
        "sa_alpha": 0.99,
        "sa_iter": 100,
        "n_perm": 50
      },
      "is_default": false,
      "val_obj": -0.8832202818194507,
      "val_wins": 7,
      "val_raw": -0.8832202818194507,
      "val_pareto": 0,
      "test_obj": -0.6259625288487549,
      "test_wins": 13,
      "test_raw": -0.6259625288487549,
      "test_pareto": 0,
      "accept": true
    },
    {
      "hp": {
        "gamma_H": 0.9360003569190632,
        "gamma_S": 0.9800379179899233,
        "cov_p": 1.3977482299602804,
        "mu_c": 0.551758472858964,
        "mu_beta": 0.6734013698304852,
        "node_aug_coef": 0.002635936155359647,
        "group_aug_coef": 0.5155037724413448,
        "sa_T0": 1.0,
        "sa_alpha": 0.99,
        "sa_iter": 100,
        "n_perm": 50
      },
      "is_default": false,
      "val_obj": -0.8838260453052839,
      "val_wins": 7,
      "val_raw": -0.8838260453052839,
      "val_pareto": 0,
      "test_obj": -0.6363754750212542,
      "test_wins": 13,
      "test_raw": -0.6363754750212542,
      "test_pareto": 0,
      "accept": true
    },
    {
      "hp": {
        "gamma_H": 0.3866623152007341,
        "gamma_S": 0.510883191348658,
        "cov_p": 1.070203978412529,
        "mu_c": 1.125720249335239,
        "mu_beta": 0.6689155597182528,
        "node_aug_coef": 0.010953043568620082,
        "group_aug_coef": 0.7269515938127932,
        "sa_T0": 1.0,
        "sa_alpha": 0.99,
        "sa_iter": 100,
        "n_perm": 50
      },
      "is_default": false,
      "val_obj": -0.8854657045415656,
      "val_wins": 7,
      "val_raw": -0.8854657045415656,
      "val_pareto": 0,
      "test_obj": -0.6588389691614603,
      "test_wins": 12,
      "test_raw": -0.6588389691614603,
      "test_pareto": 0,
      "accept": true
    },
    {
      "hp": {
        "gamma_H": 0.8368321865563183,
        "gamma_S": 0.8775482110553625,
        "cov_p": 1.2574958549626998,
        "mu_c": 1.2997875671489583,
        "mu_beta": 0.5060235530473511,
        "node_aug_coef": 0.00976918585044092,
        "group_aug_coef": 0.9116290367053685,
        "sa_T0": 1.0,
        "sa_alpha": 0.99,
        "sa_iter": 100,
        "n_perm": 50
      },
      "is_default": false,
      "val_obj": -0.8854715334368494,
      "val_wins": 7,
      "val_raw": -0.8854715334368494,
      "val_pareto": 0,
      "test_obj": -0.6382498910962351,
      "test_wins": 13,
      "test_raw": -0.6382498910962351,
      "test_pareto": 0,
      "accept": true
    },
    {
      "hp": {
        "gamma_H": 0.8863015607589264,
        "gamma_S": 0.3111273001523081,
        "cov_p": 1.1870030149081738,
        "mu_c": 0.7420378306111319,
        "mu_beta": 0.6289542873970542,
        "node_aug_coef": 0.0202381004411626,
        "group_aug_coef": 0.6453468790373396,
        "sa_T0": 1.0,
        "sa_alpha": 0.99,
        "sa_iter": 100,
        "n_perm": 50
      },
      "is_default": false,
      "val_obj": -0.8879093890565959,
      "val_wins": 7,
      "val_raw": -0.8879093890565959,
      "val_pareto": 0,
      "test_obj": -0.6376449885425773,
      "test_wins": 13,
      "test_raw": -0.6376449885425773,
      "test_pareto": 0,