{
  "alkanecarbonyl": {
    "heldout_r2": -0.6796798019216592,
    "theta_dist_to_searched": 0.3300409231414551,
    "predicted_hp": {
      "gamma_H": 0.17546175318114654,
      "gamma_S": 0.39463199424840845,
      "cov_p": 0.996415355105716,
      "mu_c": 1.099419858781231,
      "mu_beta": 0.5826782443459138,
      "node_aug_coef": 0.04045218975633408,
      "group_aug_coef": 0.9478479905350661,
      "sa_T0": 2.6874148935542923,
      "sa_alpha": 0.920850084302016,
      "sa_iter": 100,
      "n_perm": 50
    },
    "searched_hp": {
      "gamma_H": 0.4717681175679512,
      "gamma_S": 0.16649813808059608,
      "cov_p": 1.1288755900213188,
      "mu_c": 1.5609822177610493,
      "mu_beta": 0.6912186947347716,
      "node_aug_coef": 0.16190571880801535,
      "group_aug_coef": 0.9857629742821007,
      "sa_T0": 1.0,
      "sa_alpha": 0.99,
      "sa_iter": 100,
      "n_perm": 50
    }
  },
  "ba_2motifs": {
    "heldout_r2": -0.10080553662172798,
    "theta_dist_to_searched": 0.4168203553396948,
    "predicted_hp": {
      "gamma_H": 0.7684105910720873,
      "gamma_S": 0.5464420401497118,
      "cov_p": 0.9454669984441852,
      "mu_c": 1.418178973918462,
      "mu_beta": 0.47468246260534885,
      "node_aug_coef": 0.05945560209645523,
      "group_aug_coef": 0.21578526240709384,
      "sa_T0": 3.217782666600468,
      "sa_alpha": 0.9154984896192209,
      "sa_iter": 100,
      "n_perm": 50
    },
    "searched_hp": {
      "gamma_H": 0.36398001965041016,
      "gamma_S": 0.20143446473674215,
      "cov_p": 1.8753596837206832,
      "mu_c": 1.389651180604814,
      "mu_beta": 0.4514708279275938,
      "node_aug_coef": 0.012485884743325721,
      "group_aug_coef": 0.8834600389313225,
      "sa_T0": 1.0,
      "sa_alpha": 0.99,
      "sa_iter": 100,
      "n_perm": 50
    }
  },
  "ba_house_and_grid": {
    "heldout_r2": -0.06356480294789635,
    "theta_dist_to_searched": 0.4408269130690622,
    "predicted_hp": {
      "gamma_H": 0.7684105910720873,
      "gamma_S": 0.5464420401497118,
      "cov_p": 0.9454669984441852,
      "mu_c": 1.418178973918462,
      "mu_beta": 0.47468246260534885,
      "node_aug_coef": 0.05945560209645523,
      "group_aug_coef": 0.21578526240709384,
      "sa_T0": 3.217782666600468,
      "sa_alpha": 0.9154984896192209,
      "sa_iter": 100,
      "n_perm": 50
    },
    "searched_hp": {
      "gamma_H": 0.3678490969021188,
      "gamma_S": 0.36374681021225186,
      "cov_p": 1.3833717004029296,
      "mu_c": 1.6297677044688403,
      "mu_beta": 0.5055559011025155,
      "node_aug_coef": 0.47114664293722247,
      "group_aug_coef": 0.39193291119191054,
      "sa_T0": 1.0,
      "sa_alpha": 0.99,
      "sa_iter": 100,
      "n_perm": 50
    }
  },
  "bace": {
    "heldout_r2": -0.6405891637881329,
    "theta_dist_to_searched": 0.4527344595014322,
    "predicted_hp": {
      "gamma_H": 0.9068137893051049,
      "gamma_S": 0.22947606018605982,
      "cov_p": 1.1367027028852066,
      "mu_c": 1.9327505013864632,
      "mu_beta": 0.46526243173519133,
      "node_aug_coef": 0.3638875416030441,
      "group_aug_coef": 0.4357288293220589,
      "sa_T0": 0.6448837579151033,
      "sa_alpha": 0.9082319774851704,
      "sa_iter": 100,
      "n_perm": 50
    },
    "searched_hp": {
      "gamma_H": 0.2803708425830589,
      "gamma_S": 0.7534419996674177,
      "cov_p": 0.700403842448643,
      "mu_c": 1.195763672079037,
      "mu_beta": 0.5755613042197404,
      "node_aug_coef": 0.35383957915029507,
      "group_aug_coef": 0.9254949231238916,
      "sa_T0": 1.0,
      "sa_alpha": 0.99,
      "sa_iter": 100,
      "n_perm": 50
    }
  },
  "bbbp": {
    "heldout_r2": 0.1105408757584222,
    "theta_dist_to_searched": 0.281172083893885,
    "predicted_hp": {
      "gamma_H": 0.3552138731884793,
      "gamma_S": 0.42004205999492494,
      "cov_p": 1.3737152511818655,
      "mu_c": 1.4726044550601012,
      "mu_beta": 0.6268713098512653,
      "node_aug_coef": 0.47162989153920876,
      "group_aug_coef": 0.40088851696101213,
      "sa_T0": 0.6243512176313737,
      "sa_alpha": 0.9828383808445977,
      "sa_iter": 100,
      "n_perm": 50
    },
    "searched_hp": {
      "gamma_H": 0.9354577117682398,
      "gamma_S": 0.892063109108223,
      "cov_p": 0.9244957033449335,
      "mu_c": 1.5096530605032341,
      "mu_beta": 0.5562003682905128,
      "node_aug_coef": 0.40515643694222453,
      "group_aug_coef": 0.36232205862215594,
      "sa_T0": 1.0,
      "sa_alpha": 0.9988532739606498,
      "sa_iter": 100,
      "n_perm": 50
    }
  },
  "benzene": {
    "heldout_r2": 0.187128125504754,
    "theta_dist_to_searched": 0.5856815273517597,
    "predicted_hp": {
      "gamma_H": 0.7932816727570482,
      "gamma_S": 0.6599705485232624,
      "cov_p": 1.2864043804678822,
      "mu_c": 1.6623196690211028,
      "mu_beta": 0.6776129865712397,
      "node_aug_coef": 0.018345708934706495,
      "group_aug_coef": 0.221100153769831,
      "sa_T0": 3.8058074343554678,
      "sa_alpha": 0.9082953439380984,
      "sa_iter": 100,
      "n_perm": 50
    },
    "searched_hp": {
      "gamma_H": 0.6048332749780823,
      "gamma_S": 0.059139225052989686,
      "cov_p": 1.6199212303892214,
      "mu_c": 0.9988772671970598,
      "mu_beta": 0.38543776815777153,
      "node_aug_coef": 0.47842641925853635,
      "group_aug_coef": 0.6103437160721461,
      "sa_T0": 1.0,
      "sa_alpha": 0.99,
      "sa_iter": 100,
      "n_perm": 50
    }
  },
  "bzr": {
    "heldout_r2": -0.008679054935994523,
    "theta_dist_to_searched": 0.3870089737361616,
    "predicted_hp": {
      "gamma_H": 0.06529483370882472,
      "gamma_S": 0.8245719367514078,
      "cov_p": 1.0932339862843665,
      "mu_c": 1.3708922375450174,
      "mu_beta": 0.4376805132129563,
      "node_aug_coef": 0.054559760068934426,
      "group_aug_coef": 0.3312827286999417,
      "sa_T0": 1.142767843064176,
      "sa_alpha": 0.9276254187124578,
      "sa_iter": 100,
      "n_perm": 50
    },
    "searched_hp": {
      "gamma_H": 0.17960851949933443,
      "gamma_S": 0.6699491986188666,
      "cov_p": 1.7787215216429755,
      "mu_c": 1.8702240565271275,
      "mu_beta": 0.49577023315151214,
      "node_aug_coef": 7.842405464564273e-05,
      "group_aug_coef": 1.4997725021691481,
      "sa_T0": 1.0,
      "sa_alpha": 0.99,
      "sa_iter": 100,
      "n_perm": 50
    }
  },
  "cox2": {
    "heldout_r2": -0.5151924527853946,
    "theta_dist_to_searched": 0.34966846755797926,
    "predicted_hp": {
      "gamma_H": 0.20687914374970795,
      "gamma_S": 0.06952517685277138,
      "cov_p": 1.640733824679421,
      "mu_c": 1.0411785778467648,
      "mu_beta": 0.44448079605668256,
      "node_aug_coef": 0.0003603971621090052,
      "group_aug_coef": 1.2703603443419265,
      "sa_T0": 1.4276288094143261,
      "sa_alpha": 0.9864978495636378,
      "sa_iter": 100,
      "n_perm": 50
    },
    "searched_hp": {
      "gamma_H": 0.9133752419384541,
      "gamma_S": 0.754154445096298,
      "cov_p": 1.8888126008880277,
      "mu_c": 1.4769851651727128,
      "mu_beta": 0.4248376813563518,
      "node_aug_coef": 0.029302582046836393,
      "group_aug_coef": 1.1045362647689143,
      "sa_T0": 1.0,
      "sa_alpha": 0.99,
      "sa_iter": 100,
      "n_perm": 50
    }
  },
  "enzymes": {
    "heldout_r2": 0.05240872401508967,
    "theta_dist_to_searched": 0.4487299399340754,
    "predicted_hp": {
      "gamma_H": 0.7684105910720873,
      "gamma_S": 0.5464420401497118,
      "cov_p": 0.9454669984441852,
      "mu_c": 1.418178973918462,
      "mu_beta": 0.47468246260534885,
      "node_aug_coef": 0.05945560209645523,
      "group_aug_coef": 0.21578526240709384,
      "sa_T0": 3.217782666600468,
      "sa_alpha": 0.9154984896192209,
      "sa_iter": 100,
      "n_perm": 50
    },
    "searched_hp": {
      "gamma_H": 0.5630987835033369,
      "gamma_S": 0.05722543028484023,
      "cov_p": 1.0793440009129112,
      "mu_c": 1.4321976654407556,
      "mu_beta": 0.601385798564332,
      "node_aug_coef": 0.3316325193210669,