{
  "ba_2motifs": {
    "mu_c": 1.389651180604814,
    "mu_beta": 0.4514708279275938,
    "avg_n": 25.0,
    "mu_ideal_at_avg_n": 5.9433996428006495,
    "sqrt_n": 5.0,
    "k0_at_avg_n": 4,
    "k0_sqrt": 5
  },
  "bbbp": {
    "mu_c": 1.5096530605032341,
    "mu_beta": 0.5562003682905128,
    "avg_n": 23.7,
    "mu_ideal_at_avg_n": 8.780367390236115,
    "sqrt_n": 4.868264577855234,
    "k0_at_avg_n": 3,
    "k0_sqrt": 5
  },
  "bace": {
    "mu_c": 1.195763672079037,
    "mu_beta": 0.5755613042197404,
    "avg_n": 34.2,
    "mu_ideal_at_avg_n": 9.132116043235676,
    "sqrt_n": 5.848076606885378,
    "k0_at_avg_n": 4,
    "k0_sqrt": 6
  },
  "mutagenicity": {
    "mu_c": 0.6864957728177612,
    "mu_beta": 0.6816483640374541,
    "avg_n": 32.205,
    "mu_ideal_at_avg_n": 7.320004032037491,
    "sqrt_n": 5.674944933653541,
    "k0_at_avg_n": 4,
    "k0_sqrt": 6
  },
  "proteins": {
    "mu_c": 1.2517921121442706,
    "mu_beta": 0.6008009597931923,
    "avg_n": 36.295,
    "mu_ideal_at_avg_n": 10.831526476607698,
    "sqrt_n": 6.024533176935787,
    "k0_at_avg_n": 3,
    "k0_sqrt": 6
  },
  "mutag": {
    "mu_c": 1.950899089885502,
    "mu_beta": 0.6898077406531993,
    "avg_n": 17.930851063829788,
    "mu_ideal_at_avg_n": 14.288229354198307,
    "sqrt_n": 4.234483565185935,
    "k0_at_avg_n": 1,
    "k0_sqrt": 4
  },
  "bzr": {
    "mu_c": 1.8702240565271275,
    "mu_beta": 0.49577023315151214,
    "avg_n": 35.905,
    "mu_ideal_at_avg_n": 11.038070453670228,
    "sqrt_n": 5.992078103629825,
    "k0_at_avg_n": 3,
    "k0_sqrt": 6
  },
  "cox2": {
    "mu_c": 1.4769851651727128,
    "mu_beta": 0.4248376813563518,
    "avg_n": 41.47,
    "mu_ideal_at_avg_n": 7.18870248251244,
    "sqrt_n": 6.439720490828775,
    "k0_at_avg_n": 6,
    "k0_sqrt": 6
  },
  "enzymes": {
    "mu_c": 1.4321976654407556,
    "mu_beta": 0.601385798564332,
    "avg_n": 32.36,
    "mu_ideal_at_avg_n": 11.590459048775587,
    "sqrt_n": 5.688585061331157,
    "k0_at_avg_n": 3,
    "k0_sqrt": 6
  },
  "benzene": {
    "mu_c": 0.9988772671970598,
    "mu_beta": 0.38543776815777153,
    "avg_n": 20.835,
    "mu_ideal_at_avg_n": 3.219770778512491,
    "sqrt_n": 4.564537216410882,
    "k0_at_avg_n": 6,
    "k0_sqrt": 5
  },
  "fluoridecarbonyl": {
    "mu_c": 1.2997875671489583,
    "mu_beta": 0.5060235530473511,
    "avg_n": 21.42,
    "mu_ideal_at_avg_n": 6.127712394487739,
    "sqrt_n": 4.628174586162454,
    "k0_at_avg_n": 3,
    "k0_sqrt": 5
  },
  "alkanecarbonyl": {
    "mu_c": 1.5609822177610493,
    "mu_beta": 0.6912186947347716,
    "avg_n": 21.505,
    "mu_ideal_at_avg_n": 13.01589789024432,
    "sqrt_n": 4.637348380270777,
    "k0_at_avg_n": 2,
    "k0_sqrt": 5
  },
  "graph_sst2": {
    "mu_c": 1.5358113063242285,
    "mu_beta": 0.49151909300388924,
    "avg_n": 10.42,
    "mu_ideal_at_avg_n": 4.860033674885665,
    "sqrt_n": 3.2280024783137944,
    "k0_at_avg_n": 2,
    "k0_sqrt": 3
  },
  "ba_house_and_grid": {
    "mu_c": 1.6297677044688403,
    "mu_beta": 0.5055559011025155,
    "avg_n": 23.86,
    "mu_ideal_at_avg_n": 8.102427019720633,
    "sqrt_n": 4.884669896727925,
    "k0_at_avg_n": 3,
    "k0_sqrt": 5
  }
}